order_id,customer_id,amount,product
1001,103,397.74,Lamp
1002,436,96.69,Phone
1003,349,459.29,Pen
1004,271,215.14,Mouse
1005,107,48.08,Pen
1006,72,408.8,Laptop
1007,189,189.89,Book
1008,21,265.62,Pen
1009,103,60.59,Mouse
1010,122,6.28,Headphones
1011,467,320.8,Headphones
1012,215,260.01,Mouse
1013,331,298.8,Desk
1014,459,397.9,Laptop
1015,88,325.07,Desk
1016,373,91.51,Mouse
1017,100,183.58,Chair
1018,360,453.42,Mouse
1019,152,386.12,Lamp
1020,131,280.54,Lamp
1021,150,131.54,Desk
1022,309,154.52,Desk
1023,258,367.32,Laptop
1024,344,426.33,Headphones
1025,492,337.36,Book
1026,414,405.72,Chair
1027,294,384.49,TV
1028,386,79.1,Headphones
1029,192,214.85,Mouse
1030,444,80.73,Book
1031,277,121.44,Laptop
1032,161,435.28,Phone
1033,460,239.08,Headphones
1034,314,270.0,Headphones
1035,22,93.33,Book
1036,253,159.57,Mouse
1037,236,118.97,Headphones
1038,345,107.06,Book
1039,49,320.79,Pen
1040,475,132.16,Desk
1041,59,317.85,Lamp
1042,170,33.94,Desk
1043,476,75.18,Mouse
1044,188,140.9,Pen
1045,464,300.54,Headphones
1046,271,339.54,Chair
1047,190,224.14,Desk
1048,446,225.67,Laptop
1049,175,363.64,Desk
1050,446,12.83,TV
1051,51,173.84,Chair
1052,364,410.26,TV
1053,55,303.59,TV
1054,244,171.93,Laptop
1055,320,453.23,Pen
1056,131,387.45,TV
1057,485,136.12,Chair
1058,307,324.42,Desk
1059,135,299.9,Mouse
1060,21,203.59,Chair
1061,329,186.64,Lamp
1062,167,175.06,Book
1063,274,310.49,Desk
1064,388,223.99,Laptop
1065,89,416.77,TV
1066,316,336.45,Mouse
1067,14,39.62,TV
1068,242,321.88,Laptop
1069,265,139.22,Chair
1070,346,298.44,Lamp
1071,53,341.67,Book
1072,386,119.26,Lamp
1073,340,231.15,Desk
1074,92,99.21,Chair
1075,367,30.91,Book
1076,444,192.35,Phone
1077,455,184.66,Lamp
1078,428,497.76,TV
1079,264,225.94,Headphones
1080,431,170.12,Desk
1081,35,292.34,Desk
1082,206,48.94,Book
1083,81,481.02,Phone
1084,420,319.31,Mouse
1085,50,378.64,Lamp
1086,360,89.39,Pen
1087,388,207.69,Mouse
1088,2,214.23,Desk
1089,390,411.79,Desk
1090,54,5.61,Laptop
1091,106,153.92,Book
1092,260,490.71,Headphones
1093,310,240.07,Phone
1094,477,194.35,Pen
1095,191,64.32,Mouse
1096,402,487.21,Lamp
1097,218,14.91,Book
1098,44,369.9,Lamp
1099,162,385.46,Chair
1100,202,125.61,Laptop
1101,446,337.42,Phone
1102,484,51.0,Laptop
1103,270,132.24,Desk
1104,351,395.01,Laptop
1105,304,433.02,Pen
1106,271,306.2,Desk
1107,456,255.89,Mouse
1108,462,83.86,Lamp
1109,215,36.24,Mouse
1110,252,63.24,Chair
1111,190,117.54,Desk
1112,296,174.13,Desk
1113,213,193.55,Phone
1114,208,176.43,Desk
1115,237,123.33,Lamp
1116,338,257.31,Pen
1117,367,413.52,Chair
1118,53,143.45,Phone
1119,280,471.48,Headphones
1120,410,437.3,Lamp
1121,217,85.07,Pen
1122,252,394.21,Laptop
1123,188,289.42,Mouse
1124,380,285.45,Chair
1125,493,198.57,TV
1126,41,253.07,Lamp
1127,157,201.6,Mouse
1128,15,272.17,Book
1129,301,315.84,Mouse
1130,65,338.78,Mouse
1131,345,268.58,Headphones
1132,327,362.1,Headphones
1133,9,74.93,Desk
1134,344,109.93,Pen
1135,129,410.27,Desk
1136,492,164.65,Lamp
1137,136,16.33,Desk
1138,472,81.13,TV
1139,63,115.69,TV
1140,139,478.87,Lamp
1141,499,288.66,Lamp
1142,81,466.7,Chair
1143,392,289.71,Desk
1144,163,242.28,TV
1145,419,160.3,Phone
1146,289,305.15,Phone
1147,379,73.9,Headphones
1148,261,449.64,Chair
1149,490,415.52,Phone
1150,231,162.18,Chair
1151,41,476.63,Book
1152,28,413.47,TV
1153,135,334.82,Desk
1154,201,65.27,Chair
1155,328,241.73,Chair
1156,268,255.52,Pen
1157,418,120.11,Desk
1158,33,44.58,Book
1159,48,389.48,Pen
1160,407,65.41,Lamp
1161,62,299.17,Headphones
1162,216,468.54,TV
1163,293,438.67,Laptop
1164,99,142.49,Desk
1165,172,426.47,Laptop
1166,360,5.16,Lamp
1167,214,13.76,Desk
1168,475,303.26,Book
1169,35,185.58,Pen
1170,449,196.3,Chair
1171,227,284.4,Pen
1172,101,99.93,Laptop
1173,431,109.82,Desk
1174,462,244.88,Mouse
1175,131,378.36,TV
1176,257,311.65,Headphones
1177,5,152.19,Chair
1178,218,218.02,Laptop
1179,255,89.48,TV
1180,398,41.94,Lamp
1181,359,392.43,Chair
1182,283,136.37,TV
1183,393,92.99,Desk
1184,207,347.35,Lamp
1185,15,310.94,Book
1186,346,318.43,Headphones
1187,42,118.3,Laptop
1188,380,120.16,Phone
1189,461,114.3,Mouse
1190,179,91.01,Phone
1191,63,329.58,Laptop
1192,352,424.77,Chair
1193,231,363.54,Laptop
1194,241,397.09,Laptop
1195,52,205.38,Desk
1196,96,328.77,Pen
1197,388,180.35,Mouse
1198,222,265.12,Book
1199,485,243.41,Book
1200,407,92.56,TV
1201,231,196.6,Book
1202,237,482.09,Mouse
1203,143,128.05,TV
1204,171,71.23,TV
1205,29,212.2,Chair
1206,36,396.22,Pen
1207,13,293.16,Phone
1208,160,342.08,Lamp
1209,327,98.9,Chair
1210,187,311.38,Headphones
1211,243,165.13,Pen
1212,86,417.98,Pen
1213,284,316.5,Pen
1214,66,103.43,Laptop
1215,170,36.99,Headphones
1216,45,26.1,Chair
1217,62,188.85,Headphones
1218,441,136.6,Phone
1219,134,324.81,Desk
1220,284,252.17,Headphones
1221,28,136.68,Pen
1222,108,78.87,Phone
1223,44,67.96,Desk
1224,340,433.01,Mouse
1225,286,125.52,Desk
1226,446,327.6,Mouse
1227,331,406.29,Book
1228,128,308.97,Desk
1229,348,430.48,Mouse
1230,473,199.23,Lamp
1231,231,478.33,Pen
1232,190,70.91,Laptop
1233,225,55.56,Desk
1234,385,331.05,TV
1235,377,471.7,Headphones
1236,283,405.4,Mouse
1237,446,42.83,Chair
1238,121,143.29,Mouse
1239,116,465.51,Desk
1240,461,130.26,Mouse
1241,233,391.68,Phone
1242,259,413.44,Chair
1243,359,250.25,Desk
1244,198,196.24,Laptop
1245,456,227.81,Phone
1246,411,117.35,Chair
1247,137,445.25,Headphones
1248,318,228.06,TV
1249,165,441.82,Headphones
1250,225,57.32,Mouse
1251,307,494.2,Mouse
1252,234,224.42,Book
1253,172,28.68,Chair
1254,152,23.82,Mouse
1255,463,374.37,Book
1256,315,331.22,Headphones
1257,374,402.05,Book
1258,160,57.16,Headphones
1259,96,22.61,Desk
1260,472,256.75,Mouse
1261,233,196.86,Phone
1262,180,233.66,Headphones
1263,113,495.84,TV
1264,318,485.52,Phone
1265,497,471.45,Phone
1266,442,393.0,Headphones
1267,52,180.65,Mouse
1268,268,209.0,Pen
1269,295,277.06,Laptop
1270,386,416.11,Book
1271,387,39.01,Mouse
1272,113,215.03,Desk
1273,101,45.9,Book
1274,113,259.76,Headphones
1275,440,449.96,TV
1276,81,392.33,Pen
1277,187,117.78,Laptop
1278,113,488.12,Mouse
1279,2,335.34,TV
1280,130,10.16,Chair
1281,220,131.43,Pen
1282,54,134.05,Phone
1283,343,39.28,Pen
1284,485,480.11,Lamp
1285,224,241.74,TV
1286,225,448.43,Lamp
1287,385,164.5,Lamp
1288,403,66.99,Mouse
1289,126,239.8,Pen
1290,130,61.41,Mouse
1291,53,245.58,Desk
1292,172,460.55,Mouse
1293,218,262.78,TV
1294,160,310.17,Laptop
1295,198,82.54,Desk
1296,416,26.65,Laptop
1297,247,59.85,Pen
1298,324,301.27,Phone
1299,439,52.03,Chair
1300,203,191.12,Lamp
1301,184,277.3,TV
1302,123,197.38,Laptop
1303,401,86.02,Chair
1304,255,140.53,Book
1305,294,464.52,Mouse
1306,280,339.61,Lamp
1307,325,250.54,Laptop
1308,372,11.29,Desk
1309,98,496.25,TV
1310,198,337.37,Mouse
1311,470,161.88,Headphones
1312,395,440.24,Chair
1313,240,132.92,TV
1314,144,274.29,Laptop
1315,97,319.86,Phone
1316,201,114.43,Desk
1317,124,489.31,Book
1318,187,375.35,Headphones
1319,326,281.12,Lamp
1320,464,94.39,TV
1321,349,31.66,Headphones
1322,259,163.43,Phone
1323,148,377.83,Laptop
1324,252,138.32,Desk
1325,443,272.08,Mouse
1326,420,365.33,Chair
1327,403,58.43,Laptop
1328,346,344.22,Pen
1329,451,50.48,Book
1330,147,482.74,Book
1331,148,246.76,Mouse
1332,352,79.58,Desk
1333,199,174.48,Laptop
1334,308,209.64,Laptop
1335,489,380.3,Phone
1336,417,372.99,Lamp
1337,424,307.91,Pen
1338,128,57.44,Chair
1339,39,80.03,Desk
1340,338,51.41,TV
1341,360,290.7,Lamp
1342,129,439.18,Chair
1343,267,219.73,Headphones
1344,476,84.62,Pen
1345,441,281.23,Chair
1346,473,406.82,Laptop
1347,434,372.15,Desk
1348,151,441.32,Headphones
1349,415,142.56,Chair
1350,478,101.01,Mouse
1351,298,440.51,Book
1352,99,330.49,TV
1353,263,158.91,Phone
1354,252,372.46,Desk
1355,144,408.48,Desk
1356,346,309.41,Phone
1357,112,345.5,TV
1358,500,190.75,Laptop
1359,60,271.65,TV
1360,369,264.46,Lamp
1361,2,424.78,TV
1362,385,420.78,Book
1363,304,417.18,Chair
1364,254,10.46,Mouse
1365,140,376.03,Phone
1366,453,380.54,Laptop
1367,37,340.8,Desk
1368,160,379.35,Laptop
1369,9,421.78,Phone
1370,233,237.81,Headphones
1371,99,253.51,Book
1372,147,66.73,Book
1373,304,195.76,TV
1374,208,323.47,Phone
1375,131,391.3,Pen
1376,404,112.52,Headphones
1377,152,73.22,Phone
1378,54,333.21,Laptop
1379,120,5.93,Lamp
1380,161,93.29,Phone
1381,408,19.39,Headphones
1382,116,87.61,Phone
1383,75,94.75,Phone
1384,113,196.9,TV
1385,456,204.15,Pen
1386,420,437.76,Headphones
1387,422,257.5,Book
1388,104,363.09,Mouse
1389,340,56.55,Pen
1390,254,116.59,Pen
1391,227,352.96,Lamp
1392,112,31.14,Mouse
1393,473,245.87,Pen
1394,99,301.69,Laptop
1395,153,303.06,Book
1396,349,16.35,Pen
1397,402,164.44,Book
1398,384,320.06,TV
1399,366,78.75,Phone
1400,338,349.23,Headphones
1401,194,374.23,TV
1402,310,491.07,Book
1403,163,108.87,Pen
1404,208,413.44,Mouse
1405,445,262.55,Book
1406,169,189.86,Pen
1407,484,65.58,Chair
1408,161,369.08,Lamp
1409,68,121.75,Laptop
1410,289,188.85,Laptop
1411,398,35.96,Desk
1412,277,401.68,Desk
1413,304,384.46,TV
1414,404,368.14,Lamp
1415,384,153.22,Headphones
1416,392,90.87,Laptop
1417,135,320.59,Desk
1418,195,250.6,Lamp
1419,401,93.23,Phone
1420,128,344.53,Headphones
1421,33,495.61,Book
1422,176,374.87,Lamp
1423,460,371.29,Mouse
1424,443,475.4,Desk
1425,371,105.45,Book
1426,470,284.95,Book
1427,375,489.93,Desk
1428,22,86.82,Chair
1429,238,351.62,Chair
1430,158,294.98,Laptop
1431,38,295.31,Desk
1432,230,350.35,Desk
1433,365,465.16,Laptop
1434,51,392.38,Laptop
1435,438,32.79,TV
1436,264,427.1,Headphones
1437,283,116.64,Pen
1438,27,191.57,Laptop
1439,226,233.56,Pen
1440,277,243.05,Mouse
1441,286,220.41,Headphones
1442,97,468.99,Headphones
1443,284,354.48,Lamp
1444,367,317.43,TV
1445,448,29.67,Chair
1446,481,452.44,Headphones
1447,453,455.15,Lamp
1448,317,391.21,Mouse
1449,304,8.48,Desk
1450,147,33.35,Lamp
1451,4,116.49,Headphones
1452,35,70.02,Chair
1453,192,202.42,Laptop
1454,49,461.7,Laptop
1455,17,238.67,Lamp
1456,172,11.63,Phone
1457,220,144.96,Chair
1458,158,27.07,Desk
1459,477,22.96,Phone
1460,46,141.48,Chair
1461,373,141.43,TV
1462,6,394.63,Desk
1463,99,487.54,Chair
1464,380,188.75,Chair
1465,233,217.3,Laptop
1466,37,423.17,TV
1467,280,137.73,Chair
1468,349,82.41,TV
1469,497,427.28,Mouse
1470,302,28.02,TV
1471,181,311.75,Pen
1472,95,283.19,Desk
1473,99,176.23,Laptop
1474,188,161.02,Laptop
1475,481,387.07,Laptop
1476,116,47.78,Laptop
1477,191,122.21,Chair
1478,253,367.56,Laptop
1479,469,276.42,TV
1480,416,68.35,Pen
1481,471,441.66,Lamp
1482,161,199.76,Book
1483,256,414.79,Headphones
1484,323,394.92,Lamp
1485,128,314.09,Lamp
1486,18,249.77,TV
1487,281,489.88,Laptop
1488,490,76.76,Chair
1489,223,363.95,TV
1490,54,99.64,Chair
1491,58,172.44,Book
1492,323,157.81,Mouse
1493,360,473.78,Headphones
1494,174,483.84,Mouse
1495,280,95.59,TV
1496,114,15.91,Laptop
1497,288,361.4,Headphones
1498,431,211.91,Lamp
1499,342,48.98,Phone
1500,151,343.46,Pen
1501,450,274.83,Desk
1502,127,490.36,Phone
1503,155,117.57,Laptop
1504,490,204.97,TV
1505,386,273.56,Lamp
1506,474,396.89,TV
1507,273,276.68,Laptop
1508,104,308.39,Mouse
1509,417,116.94,Headphones
1510,393,424.22,Phone
1511,299,217.17,Chair
1512,246,74.78,Lamp
1513,176,333.77,Headphones
1514,39,111.96,Headphones
1515,477,53.29,Lamp
1516,170,431.68,Book
1517,247,232.78,Headphones
1518,26,375.9,Mouse
1519,355,148.84,Book
1520,306,394.55,Pen
1521,409,60.41,Mouse
1522,408,181.21,Mouse
1523,13,489.14,TV
1524,316,398.02,TV
1525,391,251.14,Book
1526,313,173.19,Pen
1527,36,436.71,Pen
1528,173,274.7,Headphones
1529,20,380.42,Chair
1530,321,378.28,Laptop
1531,264,13.88,Pen
1532,494,67.5,Book
1533,400,331.52,Laptop
1534,142,85.0,Lamp
1535,460,131.47,Phone
1536,371,473.59,Chair
1537,471,282.29,Chair
1538,143,376.61,Desk
1539,92,281.2,TV
1540,354,278.49,Pen
1541,322,51.61,TV
1542,288,175.11,Mouse
1543,215,144.8,TV
1544,447,198.41,Headphones
1545,342,400.18,Headphones
1546,51,189.11,Laptop
1547,153,228.59,Book
1548,186,201.7,Pen
1549,63,51.24,Pen
1550,190,223.33,Headphones
1551,125,101.83,Book
1552,150,97.43,Laptop
1553,314,51.55,Mouse
1554,58,181.55,Desk
1555,342,379.95,Chair
1556,305,141.84,Desk
1557,180,159.61,Headphones
1558,170,323.12,Desk
1559,326,101.94,Chair
1560,271,448.99,Mouse
1561,54,262.49,Phone
1562,491,226.56,Lamp
1563,444,281.12,Laptop
1564,101,87.19,TV
1565,481,308.67,Chair
1566,264,184.73,Laptop
1567,53,449.11,Mouse
1568,60,88.58,Headphones
1569,492,255.99,Desk
1570,108,301.07,Lamp
1571,5,21.52,Mouse
1572,103,185.03,Book
1573,196,367.65,Phone
1574,262,411.09,Chair
1575,365,160.02,Headphones
1576,480,400.3,Book
1577,372,484.04,Book
1578,350,429.15,Phone
1579,47,63.23,Mouse
1580,355,371.17,Phone
1581,311,163.24,Pen
1582,424,494.27,Mouse
1583,308,245.25,Mouse
1584,144,65.6,TV
1585,269,363.97,Laptop
1586,370,164.89,Book
1587,124,498.55,Desk
1588,106,489.99,Chair
1589,158,329.79,Pen
1590,147,69.26,Pen
1591,145,345.0,Chair
1592,120,51.05,Lamp
1593,319,19.54,Phone
1594,275,412.36,Lamp
1595,92,108.83,Lamp
1596,58,192.62,TV
1597,439,486.86,Laptop
1598,346,171.74,Chair
1599,229,151.76,Book
1600,474,459.51,Chair
1601,117,59.82,Book
1602,318,380.99,Desk
1603,279,494.09,Laptop
1604,127,451.14,TV
1605,393,327.58,Headphones
1606,396,160.46,Chair
1607,129,130.89,Headphones
1608,58,410.53,Chair
1609,122,440.51,Chair
1610,1,265.09,Mouse
1611,239,125.95,Laptop
1612,290,60.91,Chair
1613,96,48.15,Book
1614,126,360.94,TV
1615,118,212.96,Pen
1616,48,453.15,Headphones
1617,89,371.14,Desk
1618,488,99.67,TV
1619,237,308.82,Laptop
1620,373,220.58,Chair
1621,385,290.74,Laptop
1622,272,370.34,Phone
1623,189,404.07,Chair
1624,487,422.65,Headphones
1625,192,130.72,Chair
1626,447,20.4,Lamp
1627,69,370.95,Laptop
1628,278,57.64,Chair
1629,349,160.89,Mouse
1630,247,6.89,TV
1631,451,342.43,Phone
1632,76,87.73,TV
1633,154,329.36,Pen
1634,144,495.91,Laptop
1635,435,40.97,Lamp
1636,485,43.15,Laptop
1637,86,173.49,Lamp
1638,185,433.86,Lamp
1639,285,111.69,Phone
1640,462,183.39,TV
1641,220,38.91,TV
1642,69,382.76,Pen
1643,47,207.11,Phone
1644,497,380.83,Laptop
1645,94,452.29,Pen
1646,238,120.22,Mouse
1647,446,404.66,Phone
1648,500,34.25,Pen
1649,453,449.93,Headphones
1650,204,327.13,Pen
1651,400,437.74,Laptop
1652,218,5.09,Pen
1653,474,88.7,Desk
1654,432,197.93,Desk
1655,341,192.85,Headphones
1656,39,117.23,Headphones
1657,100,193.9,Desk
1658,289,68.78,Headphones
1659,254,209.32,Headphones
1660,222,402.17,TV
1661,357,242.14,TV
1662,23,13.91,Pen
1663,250,213.61,Desk
1664,10,18.45,Laptop
1665,246,483.29,Desk
1666,325,68.09,Desk
1667,100,355.31,Mouse
1668,290,486.52,Mouse
1669,180,413.89,Headphones
1670,223,351.16,Book
1671,394,420.53,TV
1672,250,490.99,Lamp
1673,147,312.57,Laptop
1674,442,281.8,Mouse
1675,96,315.98,Desk
1676,257,268.67,Desk
1677,325,319.37,Book
1678,493,227.67,Book
1679,4,113.13,TV
1680,16,64.52,Mouse
1681,280,38.83,Laptop
1682,336,135.34,Laptop
1683,247,27.83,Headphones
1684,258,285.75,Headphones
1685,497,145.5,Lamp
1686,476,413.14,Chair
1687,384,41.75,Desk
1688,160,117.04,Headphones
1689,475,366.47,Lamp
1690,340,301.41,Book
1691,152,36.92,Desk
1692,396,439.23,Headphones
1693,178,439.24,Phone
1694,163,168.55,TV
1695,380,173.5,Headphones
1696,33,494.57,Desk
1697,417,314.96,Lamp
1698,445,268.0,Pen
1699,179,419.89,Book
1700,427,146.22,Desk
1701,101,217.45,Laptop
1702,268,137.55,TV
1703,323,395.63,Laptop
1704,65,288.81,Lamp
1705,417,331.12,Pen
1706,168,129.89,Book
1707,330,114.01,Phone
1708,43,246.75,Desk
1709,44,370.1,Desk
1710,285,264.99,Lamp
1711,397,21.16,Lamp
1712,12,434.93,Headphones
1713,95,37.02,Pen
1714,302,478.13,TV
1715,386,17.45,TV
1716,253,348.75,Mouse
1717,499,45.69,Chair
1718,242,455.78,Chair
1719,35,234.89,TV
1720,215,73.07,Headphones
1721,337,173.7,Book
1722,90,86.59,TV
1723,264,89.44,Laptop
1724,93,474.31,TV
1725,410,225.4,Laptop
1726,458,395.46,Lamp
1727,90,321.6,Chair
1728,418,339.83,Mouse
1729,115,70.19,Mouse
1730,105,120.92,Headphones
1731,391,394.44,Pen
1732,196,485.53,TV
1733,314,135.02,Laptop
1734,114,139.43,Headphones
1735,493,239.08,Pen
1736,75,492.0,TV
1737,413,138.13,Mouse
1738,376,206.45,Chair
1739,420,446.28,Pen
1740,217,6.45,Headphones
1741,277,24.68,Laptop
1742,249,304.02,Mouse
1743,164,454.15,Lamp
1744,394,123.23,Chair
1745,357,237.47,TV
1746,457,227.98,Pen
1747,408,239.12,Lamp
1748,192,313.15,Laptop
1749,227,237.52,Chair
1750,177,226.5,Lamp
1751,99,239.77,TV
1752,496,297.48,Book
1753,36,270.82,TV
1754,466,427.8,Mouse
1755,497,29.5,Pen
1756,487,417.49,Phone
1757,96,422.74,TV
1758,152,146.03,Desk
1759,151,234.11,Phone
1760,190,222.08,Phone
1761,224,113.16,Pen
1762,37,201.41,Pen
1763,268,26.97,Laptop
1764,369,142.52,Mouse
1765,183,409.26,Laptop
1766,13,145.86,Lamp
1767,279,410.01,Lamp
1768,217,268.14,Lamp
1769,355,440.53,Book
1770,361,289.52,TV
1771,286,19.69,Headphones
1772,273,339.33,Pen
1773,369,27.2,Headphones
1774,62,228.05,Chair
1775,84,465.07,Pen
1776,368,86.78,Pen
1777,217,197.99,Pen
1778,342,366.28,Headphones
1779,397,441.72,Pen
1780,187,337.12,Desk
1781,19,132.8,Book
1782,177,338.93,Chair
1783,100,151.88,TV
1784,396,360.62,Phone
1785,445,477.25,Desk
1786,233,362.09,Headphones
1787,403,432.13,Mouse
1788,76,6.04,Desk
1789,265,360.2,Phone
1790,455,415.65,Lamp
1791,284,25.08,Phone
1792,206,436.44,Mouse
1793,223,132.06,Desk
1794,384,334.32,Phone
1795,52,401.18,TV
1796,339,333.02,Headphones
1797,367,50.68,Desk
1798,144,300.18,Desk
1799,373,277.04,Mouse
1800,69,450.66,Chair
1801,99,205.1,Lamp
1802,396,163.94,Lamp
1803,25,376.18,Chair
1804,436,209.27,Pen
1805,379,324.82,Phone
1806,469,324.99,Headphones
1807,484,444.58,Pen
1808,53,301.35,Mouse
1809,151,253.57,Book
1810,144,73.74,Desk
1811,57,62.29,TV
1812,39,81.39,Lamp
1813,109,90.06,Laptop
1814,181,320.75,Lamp
1815,42,371.79,Laptop
1816,186,267.35,Mouse
1817,423,415.36,Laptop
1818,398,495.68,Pen
1819,223,410.91,Mouse
1820,122,348.97,Desk
1821,133,268.58,Lamp
1822,163,227.18,Pen
1823,215,46.77,Chair
1824,221,202.69,Laptop
1825,235,455.52,Phone
1826,331,404.97,Desk
1827,146,111.95,TV
1828,239,235.97,Book
1829,76,409.28,Chair
1830,9,38.36,Book
1831,74,196.76,Chair
1832,442,426.66,Lamp
1833,492,204.93,TV
1834,401,43.42,Phone
1835,253,273.55,Chair
1836,230,431.56,Laptop
1837,7,297.19,TV
1838,174,117.01,Phone
1839,141,195.2,Book
1840,168,227.81,TV
1841,170,291.74,Laptop
1842,393,380.88,TV
1843,434,53.94,Pen
1844,283,445.38,Pen
1845,122,11.09,Book
1846,194,188.18,Mouse
1847,5,18.57,Desk
1848,29,199.52,Pen
1849,165,265.28,Desk
1850,422,258.28,Desk
1851,339,86.99,Headphones
1852,136,324.64,Book
1853,496,27.17,Laptop
1854,365,382.14,Book
1855,321,473.59,Mouse
1856,342,173.19,Phone
1857,500,261.03,Pen
1858,145,192.56,Lamp
1859,327,8.32,Headphones
1860,217,196.01,Lamp
1861,301,396.9,Chair
1862,132,300.01,Laptop
1863,292,55.12,Mouse
1864,70,424.33,Phone
1865,252,267.89,Mouse
1866,415,421.65,Laptop
1867,275,292.21,Book
1868,445,282.05,Phone
1869,364,57.1,Chair
1870,182,87.84,Headphones
1871,167,486.15,Desk
1872,91,118.1,Laptop
1873,202,488.84,Laptop
1874,346,268.3,Desk
1875,19,72.22,Headphones
1876,39,54.15,Lamp
1877,126,108.39,Book
1878,451,463.19,Lamp
1879,173,210.0,Headphones
1880,141,200.74,Phone
1881,242,160.04,Pen
1882,220,77.8,Mouse
1883,126,246.49,Chair
1884,58,69.37,Book
1885,148,418.56,Headphones
1886,476,188.35,TV
1887,456,190.53,Phone
1888,317,239.63,Headphones
1889,383,224.84,Chair
1890,361,497.45,Pen
1891,423,274.96,Laptop
1892,1,48.66,Lamp
1893,387,305.4,TV
1894,461,80.03,Laptop
1895,348,20.31,Lamp
1896,190,485.52,Lamp
1897,191,387.9,Lamp
1898,369,490.15,Lamp
1899,409,241.55,Lamp
1900,312,268.47,Book
1901,417,88.33,Chair
1902,422,127.22,Desk
1903,117,420.08,Book
1904,134,181.31,Chair
1905,58,414.27,TV
1906,44,355.96,Mouse
1907,173,92.7,Book
1908,160,256.19,TV
1909,173,340.31,Laptop
1910,317,121.34,TV
1911,303,416.19,Phone
1912,149,274.69,Laptop
1913,80,86.79,Headphones
1914,374,293.58,TV
1915,213,499.86,Pen
1916,203,79.51,Book
1917,252,409.29,TV
1918,229,107.62,Lamp
1919,164,392.28,TV
1920,227,368.62,Pen
1921,147,153.74,Desk
1922,20,166.28,Desk
1923,441,397.3,Pen
1924,402,233.42,Pen
1925,47,366.75,Laptop
1926,233,78.25,Desk
1927,305,427.02,Book
1928,14,356.89,Mouse
1929,143,453.94,Phone
1930,415,70.52,Book
1931,1,298.54,Phone
1932,373,301.56,Book
1933,54,179.96,TV
1934,374,231.94,Mouse
1935,259,23.8,Lamp
1936,144,374.2,Chair
1937,471,276.91,Lamp
1938,441,33.58,Desk
1939,459,341.97,Mouse
1940,12,236.06,Book
1941,330,22.06,Phone
1942,224,484.96,Mouse
1943,272,474.81,TV
1944,456,258.89,Book
1945,358,51.37,TV
1946,460,378.54,Mouse
1947,408,248.51,Laptop
1948,156,154.71,TV
1949,373,248.25,Chair
1950,8,263.61,Chair
1951,122,283.54,Desk
1952,348,223.41,Chair
1953,164,304.85,TV
1954,90,459.77,Pen
1955,136,184.32,Desk
1956,186,364.23,Desk
1957,316,447.75,TV
1958,178,230.71,Lamp
1959,28,224.51,Mouse
1960,220,303.05,Laptop
1961,357,297.75,Chair
1962,41,404.26,Laptop
1963,228,240.86,Chair
1964,192,498.08,Headphones
1965,411,34.44,Pen
1966,447,6.57,Lamp
1967,145,321.9,Mouse
1968,201,152.73,TV
1969,417,123.99,Laptop
1970,212,159.39,Laptop
1971,461,131.74,TV
1972,220,20.24,Mouse
1973,240,485.91,Mouse
1974,413,114.27,Desk
1975,397,368.34,Headphones
1976,46,382.49,Chair
1977,35,464.98,Pen
1978,253,20.12,Desk
1979,390,436.66,TV
1980,82,265.98,Desk
1981,371,318.11,Book
1982,256,324.01,TV
1983,197,410.8,Headphones
1984,303,170.04,Chair
1985,409,367.86,Mouse
1986,450,266.65,Book
1987,10,397.73,Laptop
1988,312,495.32,Chair
1989,286,104.32,TV
1990,242,497.35,Lamp
1991,251,49.46,Pen
1992,365,6.15,Book
1993,5,26.86,Pen
1994,119,174.18,Headphones
1995,289,318.29,Desk
1996,374,39.17,Book
1997,65,7.8,Pen
1998,146,468.86,Laptop
1999,224,411.85,Phone
2000,239,405.55,TV
2001,177,442.79,TV
2002,267,351.52,Chair
2003,341,56.68,Headphones
2004,282,202.55,Book
2005,63,362.96,Headphones
2006,217,143.77,Pen
2007,342,345.27,Desk
2008,315,17.13,TV
2009,283,156.54,TV
2010,177,276.82,Desk
2011,461,317.88,Laptop
2012,417,290.64,Headphones
2013,98,350.39,Pen
2014,105,8.01,Lamp
2015,99,54.97,TV
2016,385,435.13,Chair
2017,405,342.47,TV
2018,496,60.9,Mouse
2019,311,421.83,Phone
2020,6,124.9,Laptop
2021,476,241.74,Book
2022,465,76.87,Pen
2023,197,356.5,Desk
2024,351,335.09,Lamp
2025,133,109.5,Chair
2026,358,432.38,Lamp
2027,259,203.65,Laptop
2028,437,149.79,Mouse
2029,23,80.4,Mouse
2030,485,136.75,Desk
2031,53,15.9,Phone
2032,165,293.71,Headphones
2033,202,421.9,Mouse
2034,458,276.75,Desk
2035,83,113.54,Phone
2036,145,21.67,Laptop
2037,85,111.24,Pen
2038,78,210.98,Laptop
2039,457,381.01,Desk
2040,366,97.98,Pen
2041,1,361.3,Desk
2042,51,434.13,Laptop
2043,173,229.7,TV
2044,205,411.61,TV
2045,260,279.56,Laptop
2046,446,320.36,Lamp
2047,449,265.51,Lamp
2048,369,234.27,Mouse
2049,488,121.15,Mouse
2050,288,155.08,Pen
2051,34,148.54,Pen
2052,348,283.83,TV
2053,95,64.38,Lamp
2054,72,458.81,Phone
2055,39,361.72,Laptop
2056,154,203.72,Phone
2057,250,83.52,Pen
2058,162,441.59,Phone
2059,438,412.77,Desk
2060,118,362.25,Book
2061,259,139.42,TV
2062,379,204.21,Lamp
2063,306,55.86,Headphones
2064,268,98.57,TV
2065,449,392.59,Desk
2066,54,358.94,Lamp
2067,236,298.78,Pen
2068,389,448.38,Headphones
2069,478,293.72,Laptop
2070,222,236.15,Laptop
2071,251,173.48,Mouse
2072,313,470.52,Chair
2073,401,45.94,Desk
2074,112,465.79,Lamp
2075,255,414.22,Chair
2076,303,69.32,Chair
2077,407,284.67,Headphones
2078,207,433.94,Laptop
2079,229,288.05,Pen
2080,341,454.06,TV
2081,398,471.78,Laptop
2082,66,214.08,Desk
2083,75,191.77,Desk
2084,435,468.48,Lamp
2085,103,339.19,TV
2086,422,62.43,Pen
2087,192,25.93,Lamp
2088,252,284.49,Headphones
2089,226,465.43,Pen
2090,294,422.9,Pen
2091,306,339.54,Chair
2092,98,73.86,Lamp
2093,338,130.84,Book
2094,286,438.38,Laptop
2095,335,95.49,Lamp
2096,347,142.83,Pen
2097,435,69.15,Mouse
2098,447,339.67,Pen
2099,482,472.27,Pen
2100,308,138.14,TV
2101,249,240.33,Phone
2102,166,319.0,TV
2103,481,499.74,Lamp
2104,472,56.88,Mouse
2105,335,251.79,Laptop
2106,30,195.63,Mouse
2107,247,433.58,Phone
2108,106,240.6,Lamp
2109,51,59.93,Mouse
2110,81,319.04,Pen
2111,133,386.54,Mouse
2112,285,6.43,Headphones
2113,388,430.18,Lamp
2114,138,97.08,Laptop
2115,184,278.27,Lamp
2116,401,210.82,Pen
2117,330,361.23,Headphones
2118,273,188.72,Headphones
2119,340,435.53,Pen
2120,472,366.6,Pen
2121,69,325.62,Headphones
2122,34,399.14,Headphones
2123,262,378.24,TV
2124,53,22.79,Headphones
2125,450,200.39,Book
2126,205,465.75,Book
2127,126,67.23,Laptop
2128,235,369.86,Book
2129,43,487.42,Headphones
2130,240,30.84,Mouse
2131,459,342.69,Phone
2132,371,236.74,Headphones
2133,111,291.69,Chair
2134,249,47.24,Headphones
2135,151,26.29,Book
2136,183,335.1,Desk
2137,336,412.54,Lamp
2138,95,392.1,Mouse
2139,459,274.18,Mouse
2140,374,54.43,Desk
2141,400,345.58,Phone
2142,8,124.73,Chair
2143,388,455.98,Mouse
2144,360,419.94,Desk
2145,388,356.14,Laptop
2146,184,474.68,Book
2147,281,20.55,Pen
2148,195,369.42,Desk
2149,352,168.47,Chair
2150,195,453.5,Desk
2151,155,137.0,Desk
2152,93,363.8,Phone
2153,160,439.44,TV
2154,434,25.62,Headphones
2155,61,201.84,Pen
2156,122,382.34,TV
2157,51,230.18,TV
2158,403,137.29,TV
2159,277,113.8,Chair
2160,5,70.1,Pen
2161,466,429.28,TV
2162,92,289.8,Lamp
2163,170,42.81,Lamp
2164,317,194.38,Laptop
2165,22,187.03,TV
2166,405,94.96,Phone
2167,326,220.58,Desk
2168,1,169.39,Laptop
2169,133,174.19,Mouse
2170,233,370.82,Desk
2171,12,115.52,Phone
2172,346,322.72,Pen
2173,46,287.47,Laptop
2174,34,286.21,Book
2175,433,333.19,Mouse
2176,78,276.45,Chair
2177,218,440.23,Headphones
2178,301,339.41,Chair
2179,411,275.75,Phone
2180,73,415.73,Pen
2181,282,305.04,TV
2182,249,149.12,Headphones
2183,47,107.51,TV
2184,121,80.4,Phone
2185,214,450.23,Pen
2186,239,356.52,Desk
2187,56,469.0,Lamp
2188,350,303.63,Desk
2189,107,239.33,Desk
2190,319,34.56,Mouse
2191,48,337.46,Desk
2192,61,293.19,Book
2193,337,495.15,Laptop
2194,26,123.38,Chair
2195,292,267.71,Lamp
2196,257,327.22,Desk
2197,8,324.07,Phone
2198,113,282.84,Phone
2199,355,389.58,Headphones
2200,253,106.47,TV
2201,180,364.19,Book
2202,207,311.77,Book
2203,303,448.56,Mouse
2204,127,424.36,Desk
2205,56,161.0,Headphones
2206,214,141.74,Desk
2207,14,490.92,Mouse
2208,474,266.0,Lamp
2209,28,453.68,Book
2210,471,86.12,Laptop
2211,78,323.2,Chair
2212,216,405.88,Pen
2213,386,473.96,Mouse
2214,365,171.98,TV
2215,154,363.87,Chair
2216,14,271.71,TV
2217,187,35.01,Book
2218,312,346.55,Chair
2219,371,346.6,Book
2220,7,465.65,Headphones
2221,3,251.17,Lamp
2222,111,118.97,Phone
2223,407,27.06,TV
2224,238,210.74,Lamp
2225,363,154.45,Mouse
2226,239,381.74,Laptop
2227,493,180.36,Chair
2228,274,474.79,Lamp
2229,294,481.34,Desk
2230,227,312.35,Lamp
2231,371,464.69,Mouse
2232,15,381.62,Headphones
2233,192,275.7,Headphones
2234,473,94.25,Laptop
2235,119,232.01,Pen
2236,485,282.63,Laptop
2237,28,432.66,Chair
2238,202,243.26,TV
2239,39,449.35,TV
2240,441,338.8,Lamp
2241,273,72.81,TV
2242,231,497.52,Pen
2243,86,265.98,Phone
2244,474,198.97,Headphones
2245,126,331.26,Lamp
2246,300,58.9,Chair
2247,25,320.09,Lamp
2248,145,251.63,Book
2249,13,206.3,Book
2250,212,476.74,Book
2251,25,263.66,Pen
2252,68,113.46,TV
2253,394,232.19,Desk
2254,67,460.1,Lamp
2255,233,92.17,Desk
2256,109,110.91,Pen
2257,146,11.45,Headphones
2258,111,12.02,Lamp
2259,228,415.55,Pen
2260,111,367.4,TV
2261,470,180.75,Headphones
2262,34,350.66,TV
2263,111,200.63,Pen
2264,264,476.68,Chair
2265,424,483.69,Headphones
2266,369,199.43,Mouse
2267,236,427.84,Headphones
2268,83,387.68,TV
2269,42,158.45,Lamp
2270,425,119.86,Lamp
2271,101,231.83,Lamp
2272,6,391.77,Desk
2273,180,480.28,Headphones
2274,282,382.97,Mouse
2275,320,428.33,Desk
2276,226,303.52,Book
2277,443,418.53,TV
2278,440,393.29,TV
2279,315,191.61,Laptop
2280,365,278.24,Chair
2281,454,403.35,Headphones
2282,229,27.8,Mouse
2283,377,405.0,Book
2284,289,93.05,Headphones
2285,437,259.77,Desk
2286,150,405.1,Mouse
2287,277,130.64,Headphones
2288,198,126.67,Headphones
2289,70,204.37,Phone
2290,112,447.85,Book
2291,4,5.22,Headphones
2292,350,451.18,Desk
2293,331,81.13,Pen
2294,446,495.09,Lamp
2295,318,477.65,Headphones
2296,350,249.86,Chair
2297,95,258.8,Pen
2298,152,243.37,Phone
2299,311,319.54,Book
2300,137,49.91,Headphones
2301,247,21.15,Laptop
2302,387,33.56,Phone
2303,243,224.96,Book
2304,31,141.4,Desk
2305,40,312.91,TV
2306,229,496.26,Chair
2307,36,196.23,Pen
2308,408,289.05,Chair
2309,223,210.72,Phone
2310,6,424.4,Chair
2311,322,451.61,Lamp
2312,468,439.29,Headphones
2313,220,487.31,Desk
2314,75,18.62,Book
2315,4,420.71,Pen
2316,335,377.13,Lamp
2317,134,118.2,Phone
2318,118,478.38,Lamp
2319,369,78.35,TV
2320,94,341.38,Desk
2321,486,116.32,Lamp
2322,435,218.53,Chair
2323,62,360.98,TV
2324,441,283.85,Pen
2325,194,216.61,Desk
2326,335,166.54,Lamp
2327,203,420.63,TV
2328,392,76.19,Lamp
2329,26,217.9,TV
2330,435,452.36,Mouse
2331,173,423.7,Headphones
2332,300,203.47,Desk
2333,133,382.74,Phone
2334,326,412.46,Phone
2335,410,445.0,Mouse
2336,118,274.53,Lamp
2337,324,106.21,Mouse
2338,275,131.38,Phone
2339,212,151.37,Mouse
2340,225,298.93,Mouse
2341,20,21.24,Phone
2342,113,319.84,Desk
2343,140,185.36,TV
2344,47,151.14,Desk
2345,1,440.35,TV
2346,90,232.7,Lamp
2347,142,52.05,Mouse
2348,320,414.24,Mouse
2349,38,28.58,Laptop
2350,293,364.74,Headphones
2351,382,388.08,Lamp
2352,139,179.54,Chair
2353,356,413.27,Chair
2354,333,260.25,TV
2355,491,234.33,Pen
2356,259,27.47,Mouse
2357,161,148.56,Book
2358,390,465.85,Mouse
2359,178,198.95,Laptop
2360,10,275.62,TV
2361,261,268.35,Desk
2362,407,297.26,Mouse
2363,138,35.36,Desk
2364,172,184.28,Phone
2365,386,362.95,Phone
2366,13,104.28,Lamp
2367,168,105.77,Mouse
2368,130,9.99,Lamp
2369,84,221.55,Mouse
2370,321,441.95,Pen
2371,319,30.69,Laptop
2372,101,99.6,Headphones
2373,329,158.49,Headphones
2374,273,367.2,Phone
2375,265,322.11,Phone
2376,459,210.89,Book
2377,399,380.74,Lamp
2378,408,306.77,Phone
2379,38,448.54,Phone
2380,419,409.92,Book
2381,94,130.14,Laptop
2382,95,139.36,Chair
2383,305,67.05,TV
2384,69,171.8,Desk
2385,318,499.77,Laptop
2386,444,205.85,Pen
2387,236,114.14,Book
2388,434,382.43,Lamp
2389,334,273.52,Pen
2390,373,79.05,Chair
2391,376,193.44,Desk
2392,459,210.16,Desk
2393,137,378.15,Phone
2394,418,15.23,Mouse
2395,76,138.16,TV
2396,483,261.21,Mouse
2397,35,138.08,Book
2398,1,316.07,Laptop
2399,296,243.52,Headphones
2400,320,184.05,Phone
2401,406,474.86,Lamp
2402,60,317.92,Book
2403,320,69.32,Pen
2404,349,282.25,Chair
2405,328,391.46,Pen
2406,267,355.7,Book
2407,361,90.18,Chair
2408,229,486.35,Desk
2409,270,227.16,Pen
2410,316,83.72,Mouse
2411,286,94.2,Book
2412,291,53.63,Book
2413,213,402.74,Mouse
2414,165,65.41,Headphones
2415,5,66.94,Headphones
2416,339,425.98,Laptop
2417,379,175.58,TV
2418,78,20.27,Mouse
2419,410,30.69,Desk
2420,62,75.37,Lamp
2421,132,110.63,Lamp
2422,89,334.25,Desk
2423,237,82.88,Pen
2424,42,63.84,Lamp
2425,89,383.54,Desk
2426,402,337.17,Mouse
2427,296,220.49,Phone
2428,328,276.91,Laptop
2429,295,159.43,TV
2430,104,243.84,Pen
2431,14,255.8,Desk
2432,288,196.68,Mouse
2433,179,453.75,Pen
2434,125,12.95,Book
2435,422,392.17,TV
2436,353,66.57,Mouse
2437,23,399.79,Headphones
2438,63,309.88,Phone
2439,143,422.42,Pen
2440,481,53.27,Headphones
2441,153,281.7,Chair
2442,145,253.04,Chair
2443,225,354.57,Lamp
2444,495,269.47,TV
2445,450,272.66,Laptop
2446,462,217.65,Chair
2447,309,157.87,Laptop
2448,104,243.72,Pen
2449,104,63.65,Pen
2450,435,480.95,Desk
2451,39,358.63,TV
2452,435,476.47,Phone
2453,198,117.23,Book
2454,134,440.27,Mouse
2455,67,405.35,Chair
2456,391,340.19,Phone
2457,179,314.39,Desk
2458,456,161.69,Mouse
2459,42,409.12,TV
2460,448,253.25,Mouse
2461,500,40.09,Headphones
2462,15,159.87,Headphones
2463,111,467.97,Book
2464,157,426.09,Mouse
2465,289,491.04,TV
2466,500,315.86,Phone
2467,478,127.52,Book
2468,231,85.59,Laptop
2469,411,97.52,Desk
2470,420,14.8,Mouse
2471,157,198.39,Pen
2472,38,99.76,Chair
2473,441,208.77,Lamp
2474,97,467.82,Mouse
2475,485,218.12,Laptop
2476,411,439.6,Mouse
2477,439,304.72,TV
2478,289,127.33,Headphones
2479,254,181.15,Phone
2480,196,46.54,Phone
2481,86,170.06,Pen
2482,322,340.38,Desk
2483,10,40.69,Pen
2484,5,106.67,Desk
2485,123,193.81,Headphones
2486,330,491.11,TV
2487,353,393.51,Chair
2488,118,368.08,Lamp
2489,294,62.51,Desk
2490,397,391.59,Lamp
2491,159,393.71,Phone
2492,303,302.55,Phone
2493,228,495.23,Headphones
2494,365,166.0,Laptop
2495,216,470.93,Lamp
2496,436,457.79,Desk
2497,184,10.68,Lamp
2498,15,227.81,TV
2499,157,488.67,Laptop
2500,136,56.05,Headphones
2501,261,276.15,Laptop
2502,157,489.58,Book
2503,47,279.97,Lamp
2504,324,98.96,Lamp
2505,332,293.18,Phone
2506,173,106.2,Headphones
2507,130,262.25,Lamp
2508,411,41.65,Pen
2509,95,304.71,Pen
2510,115,260.81,TV
2511,243,371.38,Lamp
2512,420,317.2,Desk
2513,292,277.06,Laptop
2514,282,346.44,Phone
2515,299,76.25,Headphones
2516,283,299.7,Desk
2517,69,90.19,Laptop
2518,148,463.13,Lamp
2519,11,38.83,Desk
2520,254,218.04,Book
2521,330,349.42,Desk
2522,360,231.72,Pen
2523,38,50.59,Lamp
2524,134,278.92,Chair
2525,200,322.61,Desk
2526,23,353.38,Headphones
2527,303,189.76,Book
2528,346,284.01,Lamp
2529,302,228.09,Desk
2530,363,337.67,Mouse
2531,396,293.86,Book
2532,218,265.25,Chair
2533,141,128.51,Mouse
2534,104,6.0,Book
2535,446,91.17,Phone
2536,210,62.95,Headphones
2537,473,227.3,Laptop
2538,481,308.07,Book
2539,111,110.48,Chair
2540,104,469.83,TV
2541,316,8.31,Laptop
2542,171,387.29,Lamp
2543,460,314.48,Book
2544,492,189.91,Laptop
2545,356,29.99,Desk
2546,496,315.61,Book
2547,324,195.88,Mouse
2548,133,468.45,Chair
2549,376,273.29,Pen
2550,293,470.13,Pen
2551,328,114.14,Chair
2552,127,364.23,TV
2553,106,310.54,Chair
2554,497,371.01,Desk
2555,92,111.26,Chair
2556,287,334.17,Chair
2557,378,251.53,Laptop
2558,393,372.7,Lamp
2559,51,166.89,Pen
2560,29,445.58,TV
2561,462,46.73,Laptop
2562,296,404.56,Pen
2563,297,431.35,Lamp
2564,214,409.54,Chair
2565,267,258.8,Lamp
2566,407,222.0,Pen
2567,257,498.15,Phone
2568,302,118.44,Book
2569,101,275.7,Book
2570,405,336.98,Mouse
2571,346,351.93,Desk
2572,110,105.99,Lamp
2573,420,328.73,Chair
2574,182,410.09,Lamp
2575,471,29.76,Chair
2576,313,456.2,Phone
2577,1,19.6,Phone
2578,319,181.21,Desk
2579,438,12.83,TV
2580,55,43.19,Pen
2581,371,456.03,Mouse
2582,424,180.66,Phone
2583,399,215.26,Laptop
2584,149,111.6,Book
2585,431,300.56,Chair
2586,457,299.43,Headphones
2587,309,189.24,Book
2588,137,169.85,Phone
2589,202,443.06,Phone
2590,436,194.73,Laptop
2591,313,249.28,Laptop
2592,117,145.24,Headphones
2593,154,394.45,Book
2594,425,201.74,Desk
2595,291,259.24,Headphones
2596,63,130.41,Book
2597,244,493.89,Phone
2598,25,149.29,Book
2599,90,386.52,Chair
2600,75,216.61,Desk
2601,294,107.08,Phone
2602,386,400.86,Lamp
2603,391,170.14,Phone
2604,210,433.27,Book
2605,475,458.05,Pen
2606,418,430.61,Lamp
2607,347,22.33,Mouse
2608,17,394.75,Phone
2609,128,208.61,Headphones
2610,427,437.49,TV
2611,443,320.79,Headphones
2612,364,417.65,Headphones
2613,251,252.22,TV
2614,179,269.84,Phone
2615,182,76.47,Mouse
2616,152,393.07,Pen
2617,25,212.6,Lamp
2618,455,252.54,Phone
2619,180,393.62,Chair
2620,198,301.43,Mouse
2621,344,104.54,Mouse
2622,161,297.17,Book
2623,177,206.78,Lamp
2624,285,237.42,Headphones
2625,63,19.01,Pen
2626,491,108.96,Chair
2627,150,144.11,Lamp
2628,154,357.92,Desk
2629,156,10.69,Book
2630,370,207.34,TV
2631,469,462.39,Chair
2632,49,60.38,Lamp
2633,455,260.63,TV
2634,337,394.33,Chair
2635,84,471.55,Chair
2636,361,374.65,Pen
2637,177,361.68,Mouse
2638,148,414.11,Chair
2639,118,225.87,Pen
2640,342,403.89,Lamp
2641,476,8.94,Desk
2642,63,462.66,Phone
2643,189,224.44,Phone
2644,360,278.92,Mouse
2645,49,131.17,Pen
2646,327,372.55,Desk
2647,257,42.93,Book
2648,224,436.95,Lamp
2649,141,414.92,Chair
2650,478,111.95,Chair
2651,215,405.62,Lamp
2652,435,394.25,Lamp
2653,379,317.95,Pen
2654,440,189.89,Chair
2655,211,139.39,Phone
2656,318,119.73,Mouse
2657,32,162.71,Phone
2658,158,452.26,TV
2659,285,43.43,Laptop
2660,305,415.29,Desk
2661,429,177.7,TV
2662,477,263.19,Laptop
2663,286,398.27,Lamp
2664,144,442.77,Phone
2665,424,175.67,Book
2666,19,233.61,Mouse
2667,18,210.19,Chair
2668,257,11.56,Headphones
2669,78,151.49,Headphones
2670,371,232.3,Book
2671,175,208.49,Laptop
2672,498,362.35,Phone
2673,194,195.48,Headphones
2674,476,247.24,Lamp
2675,113,217.66,Phone
2676,114,371.61,Desk
2677,222,432.17,Phone
2678,166,268.29,TV
2679,435,395.77,Mouse
2680,319,151.91,Book
2681,132,272.98,Phone
2682,385,175.89,Phone
2683,264,210.03,Laptop
2684,413,367.54,Desk
2685,55,441.42,Phone
2686,359,65.14,Headphones
2687,131,319.15,Phone
2688,288,293.16,Chair
2689,266,63.62,Phone
2690,458,109.89,Lamp
2691,467,158.95,TV
2692,366,87.63,Mouse
2693,162,125.65,Chair
2694,380,137.46,Desk
2695,481,171.16,Lamp
2696,87,375.95,TV
2697,55,288.1,Mouse
2698,476,493.19,Mouse
2699,288,210.29,TV
2700,178,378.16,Lamp
2701,391,436.38,Desk
2702,349,341.09,Desk
2703,8,208.87,Laptop
2704,321,378.03,Desk
2705,313,105.82,TV
2706,247,167.14,Phone
2707,323,275.61,TV
2708,472,289.83,TV
2709,471,15.96,Chair
2710,443,472.83,Book
2711,255,349.83,Headphones
2712,328,250.37,Phone
2713,54,466.9,Pen
2714,249,222.35,Book
2715,239,490.32,Mouse
2716,229,258.58,Lamp
2717,67,61.57,Headphones
2718,51,383.58,Headphones
2719,97,341.05,Chair
2720,92,387.63,Mouse
2721,495,475.96,Pen
2722,264,389.36,Phone
2723,418,307.61,TV
2724,291,429.37,Phone
2725,96,338.26,Chair
2726,88,207.02,Headphones
2727,78,443.38,Phone
2728,288,114.84,Desk
2729,120,358.75,Lamp
2730,302,441.37,TV
2731,491,367.0,Mouse
2732,400,350.15,Desk
2733,452,377.56,Desk
2734,500,235.2,Desk
2735,165,437.71,Pen
2736,182,105.7,TV
2737,469,68.06,Pen
2738,398,146.33,Pen
2739,223,268.13,Lamp
2740,311,257.73,Desk
2741,432,411.2,Pen
2742,466,205.26,Lamp
2743,7,244.75,Book
2744,330,11.62,Lamp
2745,263,207.82,Book
2746,161,325.65,Laptop
2747,151,12.68,Book
2748,85,144.04,Book
2749,147,107.94,Chair
2750,112,25.78,Pen
2751,381,242.23,Phone
2752,403,94.95,Laptop
2753,36,372.83,Pen
2754,285,424.72,Book
2755,188,275.06,Phone
2756,82,490.95,Lamp
2757,2,227.99,Desk
2758,385,259.12,TV
2759,303,494.66,Book
2760,197,119.62,Headphones
2761,404,471.56,Headphones
2762,11,26.2,Desk
2763,234,225.96,Desk
2764,386,39.65,Book
2765,195,365.97,Book
2766,471,306.16,Lamp
2767,119,354.78,Lamp
2768,396,190.37,Chair
2769,20,187.89,Book
2770,261,27.43,Book
2771,293,178.22,Lamp
2772,422,465.0,Mouse
2773,256,192.72,Lamp
2774,222,416.53,Mouse
2775,393,421.95,Book
2776,226,189.75,Lamp
2777,53,317.83,Chair
2778,428,52.21,Pen
2779,355,56.32,Laptop
2780,500,29.09,Laptop
2781,342,292.6,Lamp
2782,364,215.91,Pen
2783,280,276.28,Phone
2784,81,262.93,Phone
2785,202,178.35,Headphones
2786,158,340.35,Lamp
2787,120,380.46,Mouse
2788,59,12.24,TV
2789,494,107.58,Mouse
2790,215,358.05,Chair
2791,128,196.38,Laptop
2792,224,332.93,TV
2793,209,176.75,Chair
2794,370,198.42,Desk
2795,115,83.55,Headphones
2796,209,132.82,Phone
2797,14,304.68,Phone
2798,9,219.42,Mouse
2799,40,388.28,Laptop
2800,450,427.03,Book
2801,237,273.11,Laptop
2802,281,380.34,Chair
2803,359,156.92,Chair
2804,201,210.41,Chair
2805,246,357.82,Lamp
2806,278,196.17,Desk
2807,235,296.31,Book
2808,494,96.76,Book
2809,4,301.89,Pen
2810,154,431.45,Laptop
2811,442,434.98,Desk
2812,29,363.55,Chair
2813,109,374.15,TV
2814,98,281.17,Headphones
2815,215,294.41,Laptop
2816,293,71.16,Lamp
2817,75,224.71,Book
2818,326,228.13,Phone
2819,146,479.46,Phone
2820,128,218.39,Headphones
2821,341,276.92,Desk
2822,42,268.96,Mouse
2823,356,320.2,Book
2824,41,375.38,Laptop
2825,422,116.4,Mouse
2826,34,266.72,Lamp
2827,17,413.83,Headphones
2828,165,234.24,Book
2829,153,142.84,Pen
2830,486,329.08,TV
2831,378,412.76,Book
2832,76,36.25,Phone
2833,87,389.51,Headphones
2834,117,411.72,Pen
2835,362,233.45,Chair
2836,342,491.74,Laptop
2837,469,394.42,Mouse
2838,27,387.96,Pen
2839,313,375.18,Headphones
2840,287,79.55,Phone
2841,134,112.53,Headphones
2842,219,234.68,Chair
2843,168,135.68,Lamp
2844,98,210.54,TV
2845,268,444.79,Chair
2846,237,413.04,Pen
2847,309,316.87,Laptop
2848,455,429.77,Lamp
2849,394,392.97,TV
2850,173,217.35,Book
2851,401,104.53,Laptop
2852,410,259.53,Chair
2853,469,369.43,Phone
2854,476,221.03,Laptop
2855,190,335.05,TV
2856,122,51.69,Headphones
2857,46,375.26,Headphones
2858,64,407.29,Headphones
2859,130,354.88,Chair
2860,310,483.8,TV
2861,363,414.19,Book
2862,193,452.03,Mouse
2863,307,467.12,Desk
2864,181,401.67,Desk
2865,292,338.76,Phone
2866,371,7.83,TV
2867,282,235.58,Lamp
2868,29,287.73,Chair
2869,149,155.49,Chair
2870,267,162.46,Pen
2871,296,480.77,Headphones
2872,11,446.4,Chair
2873,164,425.34,Laptop
2874,113,205.98,Headphones
2875,187,11.78,Mouse
2876,295,44.71,Phone
2877,232,159.54,Laptop
2878,227,12.79,Laptop
2879,310,13.49,Mouse
2880,98,458.72,Pen
2881,55,354.55,Chair
2882,111,157.93,Pen
2883,152,70.66,Chair
2884,246,258.26,TV
2885,406,7.65,TV
2886,69,469.51,Laptop
2887,312,210.33,Laptop
2888,289,204.16,Book
2889,250,198.34,Mouse
2890,36,39.32,Desk
2891,239,320.97,TV
2892,148,367.84,Mouse
2893,467,339.68,Laptop
2894,227,73.53,Pen
2895,244,291.53,Laptop
2896,491,286.89,Pen
2897,337,434.86,Chair
2898,446,192.67,Desk
2899,365,188.89,Lamp
2900,491,311.17,Lamp
2901,482,318.37,Lamp
2902,201,237.3,Chair
2903,154,224.31,Laptop
2904,450,249.6,Book
2905,73,431.22,Laptop
2906,201,233.28,TV
2907,296,470.27,Lamp
2908,17,254.48,Laptop
2909,129,474.85,Headphones
2910,217,417.25,Headphones
2911,61,184.4,TV
2912,427,432.5,Chair
2913,104,59.48,Book
2914,42,462.9,Mouse
2915,25,317.66,Chair
2916,39,31.92,Chair
2917,291,323.91,Laptop
2918,131,487.25,Lamp
2919,498,39.55,Phone
2920,229,279.57,Headphones
2921,108,375.16,Lamp
2922,172,406.08,Pen
2923,435,209.84,Chair
2924,478,106.06,Pen
2925,102,25.96,Pen
2926,354,291.96,Mouse
2927,12,229.19,Mouse
2928,275,474.63,Mouse
2929,101,35.0,Desk
2930,44,344.27,Pen
2931,443,17.36,Laptop
2932,305,89.86,Pen
2933,445,229.52,Chair
2934,17,230.16,Mouse
2935,330,344.42,Chair
2936,57,455.56,Mouse
2937,311,321.32,Desk
2938,497,477.0,Laptop
2939,303,441.4,TV
2940,12,294.33,Mouse
2941,318,417.73,Phone
2942,80,323.08,Desk
2943,216,43.89,Headphones
2944,339,371.58,Headphones
2945,264,51.98,Phone
2946,479,299.07,Desk
2947,149,352.81,Laptop
2948,81,37.93,Pen
2949,215,119.24,Mouse
2950,485,458.26,Book
2951,374,310.08,Chair
2952,464,126.91,TV
2953,198,346.89,Headphones
2954,200,300.4,Chair
2955,25,253.28,TV
2956,466,488.21,Desk
2957,89,343.31,TV
2958,268,190.84,Chair
2959,143,401.04,Headphones
2960,59,442.87,Pen
2961,410,66.98,Mouse
2962,489,104.27,TV
2963,365,112.03,Headphones
2964,26,347.15,Phone
2965,47,303.5,Desk
2966,288,311.4,TV
2967,266,470.68,Pen
2968,16,389.08,Chair
2969,199,68.33,TV
2970,401,177.02,Mouse
2971,407,220.52,Desk
2972,282,201.0,Headphones
2973,469,336.31,Phone
2974,86,446.49,TV
2975,250,156.5,Chair
2976,391,278.18,Mouse
2977,270,395.76,Chair
2978,335,211.03,TV
2979,117,88.22,Laptop
2980,7,240.1,Headphones
2981,137,32.34,Phone
2982,371,471.48,Headphones
2983,176,42.04,Lamp
2984,328,222.04,Pen
2985,498,267.29,Lamp
2986,315,492.73,Book
2987,215,87.18,Desk
2988,477,61.64,Phone
2989,82,9.31,Desk
2990,223,82.01,Mouse
2991,478,107.6,Laptop
2992,372,317.14,Chair
2993,423,113.75,Desk
2994,483,15.16,Pen
2995,402,414.18,Mouse
2996,443,185.97,Phone
2997,490,180.08,Mouse
2998,103,154.73,Pen
2999,273,487.81,Chair
3000,14,89.21,Chair
3001,159,449.63,Laptop
3002,152,389.52,Desk
3003,483,42.86,Headphones
3004,108,493.43,Desk
3005,188,139.33,Headphones
3006,301,53.8,Chair
3007,98,415.51,Lamp
3008,131,354.8,Lamp
3009,293,310.52,Chair
3010,171,82.21,Lamp
3011,424,241.86,Book
3012,474,391.38,TV
3013,183,155.29,Lamp
3014,471,159.29,Headphones
3015,364,6.55,Laptop
3016,39,91.25,Laptop
3017,15,438.33,Phone
3018,376,223.66,TV
3019,497,492.2,Pen
3020,4,200.88,Headphones
3021,349,359.02,Book
3022,470,144.55,Headphones
3023,409,185.09,Chair
3024,397,99.41,TV
3025,210,176.8,Chair
3026,161,275.88,Laptop
3027,16,495.93,Book
3028,493,333.78,Laptop
3029,426,103.63,Mouse
3030,108,27.26,Phone
3031,382,67.55,Lamp
3032,450,283.46,Lamp
3033,311,383.75,Lamp
3034,227,470.51,Headphones
3035,170,12.83,Headphones
3036,34,263.77,Phone
3037,414,238.08,Desk
3038,251,329.75,TV
3039,247,281.99,Chair
3040,269,345.08,Desk
3041,141,330.75,Headphones
3042,274,62.92,Lamp
3043,416,400.86,Pen
3044,96,66.0,TV
3045,227,350.77,Book
3046,379,210.99,Desk
3047,39,259.36,Laptop
3048,302,452.13,Mouse
3049,500,445.49,Chair
3050,29,409.84,Laptop
3051,446,257.52,Laptop
3052,497,369.44,Pen
3053,477,258.88,TV
3054,318,435.46,Mouse
3055,245,204.37,TV
3056,236,485.27,Desk
3057,185,466.5,Phone
3058,272,372.09,Lamp
3059,440,143.31,Desk
3060,236,70.17,TV
3061,239,428.08,Desk
3062,377,86.82,Laptop
3063,266,427.86,Desk
3064,414,247.93,Desk
3065,409,206.25,TV
3066,359,452.08,Laptop
3067,340,303.91,Mouse
3068,389,290.42,Book
3069,65,281.59,Laptop
3070,478,188.73,Book
3071,177,393.89,TV
3072,3,130.14,Laptop
3073,429,469.75,Pen
3074,142,447.52,Phone
3075,376,172.05,Lamp
3076,158,366.08,Pen
3077,498,288.75,Lamp
3078,324,172.14,Pen
3079,146,494.32,TV
3080,446,17.49,Lamp
3081,293,130.06,Chair
3082,153,262.44,Desk
3083,432,263.37,Phone
3084,193,296.52,Chair
3085,437,377.08,Pen
3086,494,313.62,Pen
3087,463,302.14,Chair
3088,73,31.49,Chair
3089,399,191.38,Book
3090,305,119.87,Headphones
3091,377,136.36,Phone
3092,344,279.4,Desk
3093,452,103.76,Headphones
3094,140,150.5,Chair
3095,187,122.36,Chair
3096,293,474.51,Book
3097,61,472.61,Phone
3098,485,306.92,Phone
3099,427,462.64,Mouse
3100,380,393.98,Laptop
3101,198,297.02,Headphones
3102,295,8.19,Laptop
3103,440,387.4,Lamp
3104,319,352.73,Pen
3105,302,309.55,TV
3106,344,381.41,TV
3107,11,258.9,Phone
3108,62,353.52,Desk
3109,333,467.91,Laptop
3110,226,191.02,Mouse
3111,153,355.52,Desk
3112,199,240.47,Lamp
3113,52,338.83,TV
3114,260,382.63,Headphones
3115,59,27.5,Chair
3116,72,325.07,Headphones
3117,148,117.24,Chair
3118,349,336.67,Headphones
3119,63,236.82,Laptop
3120,310,387.91,TV
3121,373,66.08,TV
3122,243,315.03,Desk
3123,493,142.84,Headphones
3124,366,427.23,Pen
3125,330,464.55,Mouse
3126,107,498.22,Headphones
3127,226,399.02,Headphones
3128,313,378.1,Laptop
3129,218,111.67,Pen
3130,425,171.32,TV
3131,241,235.51,Laptop
3132,259,387.82,Phone
3133,376,457.91,Mouse
3134,262,98.62,Laptop
3135,5,461.57,Pen
3136,261,349.33,TV
3137,54,307.33,Pen
3138,47,103.92,Lamp
3139,215,32.48,Chair
3140,177,286.39,Chair
3141,9,327.5,Headphones
3142,99,109.34,Pen
3143,20,280.45,Headphones
3144,378,428.96,Chair
3145,241,418.36,Chair
3146,61,464.04,Pen
3147,379,186.11,Desk
3148,490,162.43,Lamp
3149,419,375.97,Pen
3150,178,218.4,Lamp
3151,338,48.34,Pen
3152,62,144.99,Desk
3153,145,212.2,Mouse
3154,216,149.8,Pen
3155,3,169.44,Pen
3156,160,150.42,TV
3157,227,25.54,Desk
3158,486,320.36,Headphones
3159,269,300.66,Book
3160,120,328.42,TV
3161,381,100.19,Book
3162,495,151.35,Desk
3163,89,311.71,Pen
3164,329,301.82,Phone
3165,68,255.63,Chair
3166,398,178.45,Lamp
3167,357,456.9,Lamp
3168,98,173.19,Desk
3169,267,230.53,Chair
3170,105,340.67,Desk
3171,440,273.8,Chair
3172,323,176.71,Desk
3173,123,220.64,Desk
3174,476,398.27,Pen
3175,29,142.67,Laptop
3176,137,75.42,Headphones
3177,195,160.02,Book
3178,409,425.52,Phone
3179,226,49.05,Mouse
3180,332,495.89,Book
3181,170,272.8,Mouse
3182,9,492.5,Phone
3183,463,469.8,Lamp
3184,40,229.14,Mouse
3185,25,103.25,Pen
3186,261,86.62,Desk
3187,395,123.79,Headphones
3188,443,356.52,Desk
3189,226,140.11,Lamp
3190,472,174.01,Lamp
3191,124,227.15,Laptop
3192,463,457.05,Headphones
3193,38,98.75,Laptop
3194,328,7.49,Mouse
3195,251,34.75,Lamp
3196,389,452.86,TV
3197,176,325.52,Lamp
3198,90,140.16,Book
3199,402,92.71,Desk
3200,454,150.66,Lamp
3201,37,61.82,Phone
3202,316,471.06,Chair
3203,176,393.18,Laptop
3204,461,233.88,Phone
3205,284,433.16,Mouse
3206,453,128.48,Book
3207,461,359.97,Desk
3208,81,428.79,Mouse
3209,114,181.6,TV
3210,40,379.94,Laptop
3211,301,151.06,Desk
3212,224,152.93,Laptop
3213,318,57.99,Phone
3214,349,222.83,Phone
3215,115,366.21,Headphones
3216,186,470.41,TV
3217,323,303.88,Headphones
3218,56,432.25,Chair
3219,40,412.13,Pen
3220,354,90.8,Headphones
3221,40,245.48,Pen
3222,347,62.88,Phone
3223,461,342.67,Phone
3224,237,475.2,Book
3225,289,72.86,Headphones
3226,262,368.27,TV
3227,216,317.96,Lamp
3228,147,293.88,Mouse
3229,336,198.11,Headphones
3230,168,180.79,Lamp
3231,92,27.4,Pen
3232,353,112.86,TV
3233,59,12.51,Mouse
3234,59,292.8,Mouse
3235,304,57.4,Headphones
3236,169,437.14,Mouse
3237,269,263.96,Lamp
3238,363,351.35,Laptop
3239,45,208.37,Pen
3240,345,282.49,Chair
3241,181,471.62,Book
3242,170,45.95,Mouse
3243,356,130.7,Pen
3244,191,391.09,Pen
3245,155,53.87,Phone
3246,422,42.45,Pen
3247,188,183.96,TV
3248,7,50.62,Phone
3249,133,294.61,Chair
3250,235,117.01,Desk
3251,45,448.37,Pen
3252,314,392.83,Headphones
3253,249,351.35,Mouse
3254,499,310.39,Chair
3255,31,432.42,Chair
3256,23,115.42,Desk
3257,426,437.19,Laptop
3258,394,395.8,Laptop
3259,160,375.34,Chair
3260,363,282.82,Lamp
3261,437,126.89,Mouse
3262,158,214.66,TV
3263,39,397.82,Desk
3264,415,20.73,Desk
3265,82,392.12,TV
3266,356,123.84,Headphones
3267,258,76.43,Book
3268,206,62.27,Laptop
3269,77,18.49,Desk
3270,477,264.18,TV
3271,12,113.04,Laptop
3272,295,494.77,Lamp
3273,450,289.35,Chair
3274,224,73.25,Phone
3275,13,345.94,Chair
3276,46,449.38,Phone
3277,155,373.86,Desk
3278,113,42.84,Mouse
3279,233,448.46,TV
3280,17,398.0,Mouse
3281,360,83.36,TV
3282,223,30.63,Lamp
3283,354,280.87,Headphones
3284,188,82.24,Pen
3285,448,418.12,Headphones
3286,344,182.38,Desk
3287,365,456.88,TV
3288,163,285.02,Book
3289,496,95.42,Book
3290,326,74.1,Laptop
3291,467,290.35,Desk
3292,414,382.13,Book
3293,455,391.85,Laptop
3294,74,141.5,Pen
3295,233,106.1,Desk
3296,224,13.29,Desk
3297,482,341.2,Book
3298,319,42.9,Chair
3299,412,213.28,Phone
3300,60,302.83,Pen
3301,335,468.87,Mouse
3302,222,159.34,Pen
3303,37,128.64,Mouse
3304,477,328.81,Laptop
3305,278,311.52,TV
3306,196,169.39,Mouse
3307,404,464.41,Laptop
3308,352,423.21,TV
3309,484,115.87,Pen
3310,242,123.38,Book
3311,324,258.59,Chair
3312,219,387.92,Mouse
3313,192,26.8,Phone
3314,17,348.2,Chair
3315,12,325.88,Laptop
3316,406,119.58,Laptop
3317,401,342.27,Book
3318,394,470.39,Phone
3319,374,28.16,Desk
3320,193,163.23,Laptop
3321,22,221.9,Pen
3322,474,450.13,Headphones
3323,120,481.32,Phone
3324,210,224.84,Lamp
3325,306,376.26,Desk
3326,270,268.17,Book
3327,192,271.2,Book
3328,175,142.66,TV
3329,285,112.39,Laptop
3330,204,147.56,Chair
3331,164,280.38,Pen
3332,251,19.43,Desk
3333,227,454.09,Laptop
3334,436,82.36,Phone
3335,381,113.94,Chair
3336,460,261.55,Laptop
3337,7,356.51,Laptop
3338,29,52.39,Laptop
3339,395,162.26,TV
3340,33,484.49,TV
3341,134,134.86,Mouse
3342,367,159.96,Pen
3343,79,419.07,Chair
3344,416,29.86,Pen
3345,435,234.98,Pen
3346,459,192.91,Laptop
3347,58,161.71,Lamp
3348,471,146.42,Headphones
3349,26,50.23,Book
3350,482,160.84,Headphones
3351,430,26.31,Pen
3352,226,391.58,Desk
3353,285,202.12,TV
3354,4,224.73,Phone
3355,465,447.33,Pen
3356,99,330.74,Chair
3357,397,8.99,Headphones
3358,489,471.87,Desk
3359,39,122.39,Phone
3360,271,58.27,Laptop
3361,375,385.22,Laptop
3362,285,252.74,Pen
3363,157,219.72,Laptop
3364,75,128.5,Headphones
3365,372,276.0,Chair
3366,288,140.82,TV
3367,130,451.28,Chair
3368,175,111.53,TV
3369,462,442.76,Pen
3370,84,281.91,Phone
3371,22,415.1,Mouse
3372,459,357.86,Laptop
3373,27,349.86,Phone
3374,195,165.55,Lamp
3375,337,120.78,Headphones
3376,382,109.39,Headphones
3377,236,429.31,Headphones
3378,440,411.11,Mouse
3379,92,223.08,Book
3380,477,70.54,Mouse
3381,21,194.21,Phone
3382,303,311.58,Lamp
3383,464,229.93,Headphones
3384,357,391.19,Lamp
3385,443,498.82,Phone
3386,84,99.61,Chair
3387,262,232.53,Mouse
3388,147,218.34,Book
3389,441,155.72,Phone
3390,453,103.06,Desk
3391,387,37.52,Chair
3392,257,444.12,Laptop
3393,58,212.83,Phone
3394,380,250.96,Desk
3395,422,458.89,Headphones
3396,15,389.26,Laptop
3397,162,69.6,Lamp
3398,445,284.88,Book
3399,163,223.91,TV
3400,320,399.62,TV
3401,497,363.5,Pen
3402,281,346.75,Chair
3403,280,173.57,Headphones
3404,12,403.46,Chair
3405,274,30.93,TV
3406,271,84.01,Lamp
3407,492,171.13,Pen
3408,208,43.02,Desk
3409,27,121.32,Laptop
3410,72,415.92,Book
3411,60,474.38,Headphones
3412,430,155.78,Laptop
3413,473,135.94,Book
3414,145,143.55,Mouse
3415,93,142.47,Phone
3416,309,22.79,Book
3417,8,463.82,Book
3418,79,110.78,Chair
3419,27,212.9,Lamp
3420,174,9.8,Mouse
3421,50,429.69,Lamp
3422,500,366.92,Chair
3423,199,473.64,Chair
3424,387,391.9,Chair
3425,349,160.28,Laptop
3426,448,127.7,Lamp
3427,428,350.37,Lamp
3428,181,185.24,Headphones
3429,24,285.28,Pen
3430,316,8.1,Mouse
3431,378,35.63,Laptop
3432,387,270.01,Mouse
3433,404,285.21,Laptop
3434,46,376.97,Lamp
3435,15,70.32,Phone
3436,153,259.03,Pen
3437,222,101.25,Lamp
3438,206,51.13,TV
3439,455,208.2,Chair
3440,273,85.85,Headphones
3441,382,114.78,Laptop
3442,236,162.19,Mouse
3443,340,133.4,Chair
3444,228,48.36,Phone
3445,9,49.51,Book
3446,166,100.66,Phone
3447,432,30.03,Laptop
3448,444,315.1,Chair
3449,319,147.23,Laptop
3450,214,143.47,Desk
3451,117,169.34,Headphones
3452,386,333.08,Headphones
3453,344,435.96,Book
3454,72,380.75,Mouse
3455,395,365.13,Pen
3456,64,244.77,Laptop
3457,205,348.43,Book
3458,209,278.62,Pen
3459,72,112.04,Book
3460,277,108.25,Pen
3461,274,151.71,Desk
3462,478,455.85,TV
3463,320,275.97,Lamp
3464,338,368.28,Lamp
3465,366,176.55,Mouse
3466,495,206.82,Pen
3467,95,67.15,TV
3468,166,89.79,Pen
3469,32,414.54,Mouse
3470,11,294.5,Laptop
3471,301,172.08,Book
3472,217,402.41,TV
3473,289,127.03,Chair
3474,102,488.14,Mouse
3475,425,175.68,Lamp
3476,392,171.97,Laptop
3477,267,159.4,Mouse
3478,214,65.45,Headphones
3479,179,60.01,Laptop
3480,88,325.81,Desk
3481,41,438.18,Desk
3482,401,396.31,Lamp
3483,76,74.85,TV
3484,377,275.06,Book
3485,46,57.27,Desk
3486,160,27.42,Headphones
3487,463,329.91,Pen
3488,80,269.9,TV
3489,310,45.6,Pen
3490,86,22.29,Mouse
3491,92,494.93,Laptop
3492,148,19.86,Headphones
3493,161,225.04,Laptop
3494,202,254.79,Phone
3495,424,63.05,Lamp
3496,416,88.69,Book
3497,242,179.14,Book
3498,353,382.03,Book
3499,2,256.01,Phone
3500,225,320.76,Book
3501,289,492.66,Desk
3502,233,385.16,TV
3503,461,220.01,Chair
3504,414,225.99,Pen
3505,417,311.29,Pen
3506,77,334.36,Book
3507,116,252.85,Lamp
3508,154,324.21,Chair
3509,406,16.65,Phone
3510,103,217.66,TV
3511,194,143.07,Phone
3512,166,68.94,Chair
3513,359,54.28,TV
3514,90,303.58,Mouse
3515,174,264.18,Laptop
3516,122,130.52,Headphones
3517,498,238.12,TV
3518,143,248.65,Laptop
3519,482,101.53,Lamp
3520,106,327.79,Book
3521,375,391.56,Pen
3522,428,396.77,Phone
3523,305,303.22,Lamp
3524,360,258.26,Book
3525,459,35.2,Chair
3526,317,147.48,Laptop
3527,451,51.17,Desk
3528,123,482.09,Mouse
3529,390,71.86,Mouse
3530,9,80.13,TV
3531,262,445.34,Laptop
3532,73,472.24,Lamp
3533,359,384.09,Desk
3534,223,7.68,Book
3535,416,5.67,TV
3536,41,192.16,Phone
3537,370,75.98,Mouse
3538,204,14.1,Headphones
3539,264,234.71,Mouse
3540,328,471.82,Headphones
3541,178,165.29,Phone
3542,348,332.26,Desk
3543,318,327.86,TV
3544,84,129.28,Headphones
3545,318,326.96,Desk
3546,111,110.11,Phone
3547,251,65.39,Lamp
3548,383,352.18,Phone
3549,7,61.15,Pen
3550,459,498.47,Book
3551,84,95.81,Chair
3552,208,299.1,Book
3553,388,208.63,Phone
3554,390,67.56,Lamp
3555,314,18.78,TV
3556,22,313.25,Book
3557,410,404.34,TV
3558,383,421.8,Book
3559,3,243.94,Chair
3560,127,389.84,Mouse
3561,297,338.06,Laptop
3562,188,363.51,Phone
3563,362,248.84,Lamp
3564,14,318.54,Phone
3565,459,403.74,Chair
3566,466,201.95,Desk
3567,12,403.96,Book
3568,87,298.05,Pen
3569,12,87.12,Mouse
3570,397,17.22,Laptop
3571,25,184.56,Book
3572,301,275.61,Phone
3573,243,420.71,Lamp
3574,122,68.11,Chair
3575,147,401.1,TV
3576,55,432.19,Desk
3577,238,79.59,Laptop
3578,356,426.54,Headphones
3579,173,495.77,Laptop
3580,392,364.79,Lamp
3581,221,393.46,Pen
3582,119,497.24,Chair
3583,309,304.71,Laptop
3584,183,157.4,Headphones
3585,288,419.58,Headphones
3586,307,309.17,Book
3587,300,292.69,Chair
3588,82,130.55,Pen
3589,454,379.39,Phone
3590,402,45.43,Mouse
3591,211,462.52,Mouse
3592,150,166.28,TV
3593,37,68.25,Chair
3594,352,223.97,TV
3595,312,26.02,TV
3596,361,343.89,Desk
3597,59,451.84,Mouse
3598,131,419.45,Phone
3599,412,68.05,Laptop
3600,202,67.5,Phone
3601,243,407.65,Pen
3602,35,462.51,Headphones
3603,445,233.03,Laptop
3604,93,251.99,Pen
3605,438,162.54,Laptop
3606,447,447.66,Pen
3607,207,324.23,Desk
3608,353,147.68,Desk
3609,391,152.9,TV
3610,332,446.14,Chair
3611,305,11.75,Laptop
3612,350,164.75,Lamp
3613,213,279.41,TV
3614,159,78.37,Phone
3615,442,50.59,Desk
3616,445,408.56,Mouse
3617,24,447.73,Desk
3618,404,412.69,Mouse
3619,293,449.9,Laptop
3620,4,278.79,Laptop
3621,220,407.07,Pen
3622,364,195.1,Mouse
3623,382,334.8,Headphones
3624,20,494.47,Book
3625,444,116.74,Phone
3626,152,198.0,TV
3627,50,242.62,Pen
3628,177,73.32,Laptop
3629,435,45.11,Phone
3630,96,415.71,TV
3631,105,488.51,Chair
3632,420,205.34,Lamp
3633,250,48.39,Book
3634,117,37.58,Mouse
3635,354,446.2,Mouse
3636,228,234.59,Pen
3637,66,163.41,Book
3638,335,240.85,Chair
3639,418,162.56,Desk
3640,420,247.07,Lamp
3641,262,430.48,Lamp
3642,295,298.19,Phone
3643,426,348.85,Laptop
3644,243,185.51,Desk
3645,371,370.56,Laptop
3646,186,334.98,Pen
3647,246,64.18,Laptop
3648,125,288.46,Book
3649,268,132.09,Book
3650,131,403.03,Phone
3651,237,215.84,Pen
3652,18,497.37,Phone
3653,40,50.79,Chair
3654,21,391.27,TV
3655,399,338.48,Laptop
3656,225,384.91,Headphones
3657,355,157.23,Headphones
3658,282,248.57,Mouse
3659,8,399.27,Laptop
3660,100,120.11,Book
3661,240,116.89,Laptop
3662,478,277.77,Phone
3663,87,264.16,Desk
3664,298,144.72,Pen
3665,428,152.55,Laptop
3666,14,142.53,TV
3667,334,386.9,Laptop
3668,2,327.69,Book
3669,375,417.05,Desk
3670,293,487.86,Book
3671,325,239.71,Pen
3672,422,38.01,Headphones
3673,493,28.81,Chair
3674,41,151.35,Chair
3675,318,466.61,Desk
3676,316,263.99,Book
3677,381,139.53,Chair
3678,111,202.59,Chair
3679,14,301.3,Pen
3680,231,328.21,TV
3681,473,81.19,Phone
3682,84,488.63,Pen
3683,130,274.66,Mouse
3684,231,72.17,Mouse
3685,326,447.35,Desk
3686,145,41.95,Pen
3687,379,454.33,Book
3688,345,498.3,Headphones
3689,28,351.71,Headphones
3690,66,386.37,Headphones
3691,163,171.96,Phone
3692,229,471.08,Mouse
3693,261,267.21,Desk
3694,449,367.53,Chair
3695,424,462.43,Lamp
3696,460,487.71,Desk
3697,440,417.44,Book
3698,164,154.99,Laptop
3699,301,483.44,Mouse
3700,407,315.92,Chair
3701,303,465.67,Pen
3702,287,339.67,Chair
3703,395,157.08,Phone
3704,10,188.16,Lamp
3705,195,277.48,Phone
3706,118,396.06,Lamp
3707,270,162.4,Book
3708,80,291.97,Chair
3709,458,176.08,TV
3710,93,408.81,Desk
3711,266,236.03,Lamp
3712,332,42.98,Desk
3713,350,87.2,TV
3714,361,35.25,Headphones
3715,257,252.15,Lamp
3716,133,57.64,TV
3717,276,61.5,Chair
3718,264,470.82,Mouse
3719,171,436.96,Pen
3720,460,228.78,Book
3721,1,492.97,TV
3722,313,5.09,Headphones
3723,64,308.92,Phone
3724,374,310.13,Book
3725,468,231.43,Mouse
3726,284,201.49,Book
3727,121,230.41,Desk
3728,107,210.41,Lamp
3729,421,366.59,TV
3730,175,72.0,Headphones
3731,485,102.83,Phone
3732,204,94.36,Pen
3733,165,134.92,Laptop
3734,305,265.0,Phone
3735,497,60.05,Phone
3736,120,434.74,Mouse
3737,44,152.19,Lamp
3738,312,85.46,Book
3739,156,339.43,Phone
3740,367,23.85,Headphones
3741,207,311.88,Chair
3742,390,350.61,TV
3743,108,111.38,Pen
3744,251,25.77,Pen
3745,445,185.0,Phone
3746,404,53.8,Headphones
3747,370,62.66,TV
3748,334,130.86,TV
3749,130,151.26,Headphones
3750,457,267.34,Book
3751,293,340.8,TV
3752,20,298.42,Headphones
3753,282,78.44,Headphones
3754,285,90.18,Pen
3755,1,439.99,Headphones
3756,119,281.38,Phone
3757,35,435.62,Desk
3758,198,188.92,Lamp
3759,485,309.13,Mouse
3760,245,264.21,Pen
3761,59,162.97,Desk
3762,325,237.61,Book
3763,161,253.73,Laptop
3764,497,104.38,Book
3765,179,160.93,Phone
3766,206,396.75,Headphones
3767,12,458.32,Phone
3768,490,183.1,Book
3769,276,156.95,Lamp
3770,181,101.62,Desk
3771,242,340.85,Book
3772,216,164.93,TV
3773,251,493.94,Headphones
3774,299,166.21,Phone
3775,126,200.1,Pen
3776,482,303.65,TV
3777,217,401.83,Pen
3778,306,237.41,TV
3779,285,214.21,Book
3780,185,497.84,Book
3781,39,10.19,Pen
3782,223,448.06,Headphones
3783,184,78.82,Pen
3784,495,394.03,Laptop
3785,427,310.88,Lamp
3786,178,174.21,TV
3787,407,437.57,Laptop
3788,428,11.39,TV
3789,294,117.21,Chair
3790,340,285.61,Headphones
3791,151,179.01,Laptop
3792,384,307.14,TV
3793,126,16.93,Mouse
3794,301,62.65,TV
3795,308,67.91,Pen
3796,336,98.7,Pen
3797,434,232.37,Chair
3798,234,377.3,Desk
3799,380,453.24,TV
3800,375,418.51,Pen
3801,8,102.46,Lamp
3802,498,223.37,Headphones
3803,341,103.71,TV
3804,129,135.91,Phone
3805,264,254.26,Headphones
3806,157,38.71,Pen
3807,352,113.0,Chair
3808,358,468.01,Mouse
3809,5,235.73,Mouse
3810,495,225.47,Pen
3811,86,12.21,Pen
3812,175,127.46,Book
3813,290,433.81,Headphones
3814,193,86.49,Chair
3815,311,210.49,Headphones
3816,119,12.09,Book
3817,218,241.78,Pen
3818,427,15.41,Headphones
3819,458,410.71,TV
3820,414,413.3,Headphones
3821,114,394.93,Phone
3822,466,145.27,Headphones
3823,145,419.43,Laptop
3824,26,273.78,Desk
3825,136,190.04,Pen
3826,303,314.54,TV
3827,232,11.11,Laptop
3828,369,75.77,Phone
3829,76,372.44,TV
3830,475,125.86,TV
3831,328,301.01,Pen
3832,345,195.63,Laptop
3833,302,428.13,TV
3834,452,476.45,Desk
3835,289,442.36,Book
3836,1,138.96,Mouse
3837,147,101.11,Phone
3838,287,239.85,Phone
3839,464,8.63,Laptop
3840,142,17.78,TV
3841,53,278.88,Mouse
3842,304,262.62,Laptop
3843,69,497.32,Book
3844,361,104.91,Book
3845,90,132.76,Chair
3846,446,61.2,Desk
3847,220,459.18,Chair
3848,450,390.02,Pen
3849,498,412.06,Chair
3850,192,451.87,Desk
3851,454,264.83,Chair
3852,63,228.34,TV
3853,73,168.54,Lamp
3854,161,296.66,Chair
3855,169,229.87,Laptop
3856,89,228.52,Desk
3857,176,468.78,Headphones
3858,269,492.1,Phone
3859,73,399.26,Pen
3860,245,379.6,Desk
3861,77,341.88,Laptop
3862,159,87.21,Book
3863,489,34.26,Mouse
3864,459,346.91,Book
3865,324,365.75,TV
3866,98,28.25,Mouse
3867,381,464.39,Laptop
3868,102,50.11,Laptop
3869,494,146.52,TV
3870,132,337.83,Pen
3871,102,89.09,Chair
3872,19,32.43,Pen
3873,454,168.92,Laptop
3874,482,384.16,Lamp
3875,82,209.77,Laptop
3876,397,328.22,TV
3877,489,291.91,Headphones
3878,279,16.0,Headphones
3879,339,494.33,Desk
3880,365,25.51,Book
3881,331,484.06,Chair
3882,129,277.18,Pen
3883,344,481.76,Headphones
3884,310,61.8,Chair
3885,455,247.75,Pen
3886,89,88.9,Book
3887,213,30.23,Laptop
3888,143,310.68,TV
3889,65,107.85,Phone
3890,76,295.91,Phone
3891,199,60.62,Chair
3892,143,169.33,Lamp
3893,405,391.91,Lamp
3894,403,221.34,Mouse
3895,316,315.73,Mouse
3896,93,325.49,Mouse
3897,473,422.66,Phone
3898,417,165.84,Laptop
3899,305,345.21,Book
3900,224,481.0,Chair
3901,497,366.47,Headphones
3902,291,247.49,Lamp
3903,428,317.21,Desk
3904,102,371.14,Pen
3905,474,308.08,Book
3906,267,13.25,TV
3907,355,101.41,Book
3908,456,406.18,Chair
3909,110,139.96,Laptop
3910,462,367.12,Mouse
3911,330,189.2,Headphones
3912,450,263.33,Desk
3913,430,38.65,Phone
3914,265,94.71,Laptop
3915,3,478.81,Book
3916,85,445.62,Phone
3917,282,327.88,Pen
3918,328,232.52,Mouse
3919,304,339.5,Laptop
3920,450,311.21,Desk
3921,454,286.43,Laptop
3922,412,34.29,Mouse
3923,117,318.24,Chair
3924,221,385.62,Desk
3925,154,497.07,Desk
3926,153,10.48,Mouse
3927,12,366.44,Laptop
3928,133,288.04,Lamp
3929,482,219.86,Chair
3930,304,68.15,Pen
3931,293,207.5,TV
3932,463,180.42,Chair
3933,300,154.9,TV
3934,228,366.79,Pen
3935,271,351.86,Desk
3936,43,296.56,Book
3937,432,469.64,Mouse
3938,343,178.18,Desk
3939,326,125.68,Desk
3940,302,329.67,Mouse
3941,498,103.41,Phone
3942,364,160.93,Mouse
3943,379,116.18,Headphones
3944,427,39.23,Book
3945,493,414.61,Pen
3946,21,131.0,Laptop
3947,407,239.15,Laptop
3948,107,26.44,TV
3949,336,351.17,Lamp
3950,303,168.63,Chair
3951,117,373.64,Headphones
3952,124,209.14,Phone
3953,399,101.9,Lamp
3954,281,259.02,Book
3955,292,69.6,Chair
3956,203,223.07,Lamp
3957,51,162.07,Chair
3958,271,456.42,Lamp
3959,324,35.16,Desk
3960,277,348.54,Headphones
3961,141,95.46,Phone
3962,470,162.93,Desk
3963,275,210.68,Mouse
3964,290,454.47,Laptop
3965,334,125.08,Chair
3966,381,50.2,Book
3967,452,162.75,Lamp
3968,496,56.81,Headphones
3969,373,68.66,Lamp
3970,52,289.06,Headphones
3971,494,35.15,Headphones
3972,27,20.31,Pen
3973,157,358.63,Laptop
3974,239,184.02,Desk
3975,156,67.06,Pen
3976,291,130.54,Pen
3977,136,322.83,Phone
3978,144,141.39,Phone
3979,106,249.79,Pen
3980,420,65.24,Book
3981,158,296.11,Chair
3982,146,161.46,Laptop
3983,2,315.35,Chair
3984,433,405.16,Phone
3985,77,307.76,Pen
3986,132,151.4,Headphones
3987,90,131.59,Mouse
3988,345,167.07,TV
3989,350,86.49,Laptop
3990,459,94.68,Laptop
3991,263,396.39,Chair
3992,351,195.44,Lamp
3993,108,220.82,Chair
3994,74,299.05,Lamp
3995,39,296.88,TV
3996,397,38.35,Mouse
3997,159,416.61,Lamp
3998,71,92.78,Desk
3999,447,362.92,Book
4000,312,387.47,Headphones
